{
  "n_locations": 500,
  "depot_index": 0,
  "speed_kmph": 40,
  "service_time_minutes": 5,
  "max_distance_km": 24.55314547709148,
  "avg_distance_km": 9.788927656981043
}